doc_id,name,address,phone,website,services,population,eligibility,intake,hours,capacity,cost,contact_email,notes
"mh-dfw-0001","Metrocare Services – Samuell Adult Mental Health Clinic","4645 Samuell Blvd, Dallas, TX 75228","214-275-7393","https://www.metrocareservices.org","Adult outpatient mental health clinic providing psychiatric evaluation, medication management, counseling, and case management.","Adults with mental health needs in Dallas County, including serious mental illness.","Primarily serves Dallas County residents; accepts Medicaid and public funding; options for uninsured through county programs.","Call clinic or Metrocare intake line for screening and appointment; referrals accepted from hospitals and providers.","Weekday business hours; see website for current schedule.","","Publicly funded safety-net care; most services low or no cost for eligible clients.","","Local Mental Health Authority (LMHA) for Dallas County; one of Metrocare’s main adult clinics."
"mh-dfw-0002","MHMR of Tarrant County – Behavioral Health Services","3840 Hulen St, Fort Worth, TX 76107","817-569-4300","https://www.mhmrtarrant.org","Community mental health center offering psychiatric care, individual and group therapy, substance use treatment, and 24/7 crisis services.","Children, adolescents, and adults in Tarrant County with mental health or substance use needs.","Primarily serves Tarrant County residents; accepts Medicaid and other public funding; uninsured may qualify for county-funded services.","Call the MHMR intake line or 24/7 crisis line for screening and referral to outpatient services.","Office open weekdays; crisis line and some crisis services available 24/7.","","Publicly funded care; low/no cost for eligible individuals.","","Local Mental Health Authority for Tarrant County; key access point for county-funded therapy and psychiatry."
"mh-dfw-0003","LifePath Systems – Behavioral Health Services (Plano)","7308 Alma Dr, Plano, TX 75025","972-422-5939","https://www.lifepathsystems.org","Outpatient mental health services including psychiatric evaluation, medication management, counseling, and crisis services.","Adults, children, and families in Collin County with mental health needs.","Primarily serves Collin County residents; accepts Medicaid and some other insurance; county funding for eligible uninsured/low-income clients.","Call main number for screening and to schedule an intake; referrals accepted from hospitals, schools, and community agencies.","Weekday business hours; some programs may offer extended hours – see website.","","Public mental health provider; many services low/no cost depending on funding and eligibility.","","LifePath is the Local Mental Health Authority for Collin County and provides safety-net behavioral health care."
"mh-dfw-0004","Jewish Family Service of Greater Dallas – Counseling Services","5402 Arapaho Rd, Dallas, TX 75248","972-437-9950","https://jfsdallas.org","Individual, couples, and family counseling; psychiatric services; support groups; specialized programs for trauma, grief, and family relationships.","Children, teens, and adults of all backgrounds (services are non-sectarian).","Serves anyone regardless of religion; accepts some insurance and offers sliding-scale fees based on income.","Call main number to complete intake and be matched with a therapist or psychiatrist.","Weekday office hours; some evening appointments available – see website.","","Nonprofit counseling center with sliding-scale and reduced-fee options; some grant-funded services may be low-cost or free.","","Well-established nonprofit providing culturally sensitive counseling, case management, and psychiatric care."
"mh-dfw-0005","Child & Family Guidance Center – Dallas","8915 Harry Hines Blvd, Dallas, TX 75235","214-351-3490","https://www.childrenandfamilies.org","Trauma-informed counseling, psychiatric evaluation and medication management, play therapy, family therapy, and integrated behavioral health.","Children, adolescents, and adults with emphasis on underserved families and trauma survivors.","Serves North Texas residents; accepts Medicaid/CHIP and many commercial plans; offers sliding-scale or reduced fees for eligible low-income/uninsured clients.","Call intake line to complete screening for child, teen, or adult services and schedule an appointment.","Weekday clinic hours; some evening availability depending on location and program.","","Community mental health center and Certified Community Behavioral Health Clinic (CCBHC); many services available at reduced cost.","","Strong focus on childhood trauma, family systems, and long-term outpatient counseling and psychiatry."
"mh-dfw-0006","UT Southwestern – Multispecialty Psychiatry Clinic (Adult)","6363 Forest Park Rd, 8th Floor, Dallas, TX 75390","214-645-8500","https://utswmed.org/conditions-treatments/psychiatry/","Academic medical center clinic providing psychiatric evaluation, medication management, and psychotherapy for mood, anxiety, psychotic, and other disorders.","Adults needing specialty psychiatry or combined medication and psychotherapy in the DFW area.","Accepts many commercial insurance plans, Medicare, and some managed Medicaid products; self-pay and financial assistance options through UT Southwestern.","Call clinic to request a new patient appointment; referrals from primary care or other providers often helpful for triage.","Weekday daytime hours; some clinicians may offer limited evening hours – see website.","","Hospital-based specialty clinic; standard medical billing with UT Southwestern financial assistance options.","","Good fit for complex or treatment-resistant conditions that may benefit from academic medical center expertise."
"mh-dfw-0007","UT Southwestern – Center for Depression Research and Clinical Care (CDRC)","6363 Forest Park Rd, Dallas, TX 75390","214-645-0956","https://utswmed.org/departments/center-depression-research-clinical-care/","Specialized evaluation and treatment programs for depression, bipolar disorder, and related mood disorders; integrates evidence-based psychotherapy, medication, and research opportunities.","Adolescents and adults with moderate to severe depression, bipolar disorder, or treatment-resistant mood disorders.","Patients typically need to meet diagnostic criteria for mood disorders; insurance coverage varies by clinic program; some services associated with research studies may have different costs/requirements.","Call CDRC to inquire about current clinical programs and research options and to complete a screening call.","Weekday clinic hours; schedule varies by program and research study.","","Standard academic medical center billing for clinical services; some research participation may reduce cost for specific interventions.","","Highly specialized mood-disorders program; good option for complex depression/bipolar cases and those interested in research-based care."
"mh-dfw-0008","Dallas CBT","3500 Oak Lawn Ave, Suite 230, Dallas, TX 75219","214-305-2110","https://dallascbt.com","Outpatient therapy and assessment clinic specializing in cognitive behavioral therapy (CBT), exposure therapies, EMDR, and psychological testing for ADHD and related concerns.","Children, teens, adults, and couples seeking evidence-based treatment for anxiety, OCD, trauma, depression, and related issues.","Primarily serves private-pay and insured clients in DFW; accepts some insurance plans and provides documentation for out-of-network reimbursement.","Call office or use website contact form to request an appointment and therapist match.","Typical office hours Mon–Fri with some evening appointments by arrangement – see website.","","Private group practice; session-based fees; check website or call for insurance and out-of-network details.","","Strong CBT/EMDR focus; good fit for anxiety, OCD, trauma, and clients wanting structured, skills-based therapy."
"mh-dfw-0009","The Center for Integrative Counseling and Psychology","4305 MacArthur Ave, Dallas, TX 75209","214-526-4525","https://thecentercounseling.org","Individual, couples, and family counseling; psychological testing; school-based and church-based counseling through partnerships; workshops and support groups.","Children, teens, adults, and older adults across DFW, including underserved communities reached via satellite sites.","Nonprofit; accepts many insurance plans and employee assistance programs (EAPs); also offers reduced-fee counseling through sliding scale and community partnerships.","Call central office or use online form; clients are matched with a counselor at the main office or a partner site (schools, churches, community centers).","Weekday business hours; some evening and off-site hours depending on counselor and location.","","Sliding-scale and low-cost options available; mission is to make counseling accessible regardless of ability to pay.","info@thecentercounseling.org","Multi-site nonprofit counseling center serving Dallas, Collin, Tarrant, and surrounding counties with a large therapist network."
"mh-dfw-0010","Dallas Therapy Collective","8140 Walnut Hill Ln, Suite 440, Dallas, TX 75231","469-709-9250","https://dallastherapycollective.com","Group practice providing trauma-informed individual and couples therapy with specializations in LGBTQ+-affirming care, gender-affirming care, EMDR, religious trauma, anxiety, and depression.","Teens (13+) and adults, with particular focus on LGBTQ+ clients, trauma survivors, and people with marginalized identities.","Private practice; accepts some insurance (varies by therapist) and self-pay; some clinicians offer superbills for out-of-network reimbursement.","Use website to contact a specific therapist or submit a general inquiry; phone number available for scheduling assistance.","Weekday office hours; many clinicians offer evening or telehealth appointments – see individual therapist pages.","","Private group practice; fees vary by clinician; some offer limited sliding-scale spots.","","Progressive, intersectional, LGBTQ+-affirming practice; strong fit for clients seeking trauma-informed and identity-affirming care."
mh-rich-0001,The Counseling Place,"375 Municipal Drive, Suite 236, Richardson, TX 75080","469-283-0242",https://counselingplace.org,"Affordable professional counseling; trauma and crime-victim counseling; youth and prevention programs.","Adults, teens, children, families, crime victims","Open to the general public; grant-funded no-cost counseling available for victims of crime and police referrals (Richardson and Sachse).","Call main number or use website contact form to request an appointment; no walk-ins.","Mon–Thu 9:00am–5:00pm; Fri 9:00am–1:00pm; Sat–Sun closed.",Unknown,"Sliding-scale and low-cost services; no-cost counseling for eligible crime victims; most programs supported by grants and donations.","help@counselingplace.org","Nonprofit mental health agency serving Richardson since 1979; offers in-person and telehealth counseling."
mh-rich-0002,Richland Oaks Counseling Center,"1221 Abrams Rd, Suite 325, Richardson, TX 75081","469-619-7622",https://www.richlandoaks.org,"Individual, couples, and family counseling; psychological assessment; trauma, anxiety, depression, relationships; reduced-fee training clinic with graduate interns.","Children, teens, adults, couples, families","Open to the public; sliding-scale reduced fees available, especially with graduate student clinicians.","Call office or email to request an appointment; all services by appointment only.","By appointment only; daytime and evening availability varies by clinician.",Unknown,"Sliding-scale options (including lower-cost sessions with interns); standard private-pay rates vary by clinician; some insurance accepted.","ROCC.Richardson@richlandoaks.org","Training and community counseling center; multiple licensed psychologists and interns under supervision."
mh-rich-0003,Meltzer Counseling PLLC,"1221 Abrams Rd, Suite 326, Richardson, TX 75081","972-638-7199",https://meltzercounseling.com,"Evidence-based psychotherapy (ACT, CBT, DBT skills); mood and anxiety disorders; trauma and PTSD; addiction; relationship and family therapy; some family programs offering no-cost sessions for qualifying families.","Teens, young adults, adults, couples, families","Open to the public; Family Tree Program provides free family counseling for eligible families in Dallas/Denton County (subject to funding and criteria).","Call office or submit the online contact form to be matched with a clinician; telehealth and in-person options.","Mon–Fri 8:00am–9:00pm; weekends and evenings by appointment.",Unknown,"Accepts many commercial insurance plans; private-pay available; limited no-cost or reduced-fee family services through specific grant programs.","rachel@meltzercounseling.com","Group practice with diverse clinicians and specialties; offers both in-person and HIPAA-compliant telehealth sessions."
mh-rich-0004,Love Roots Therapy PLLC,"100 N Central Expressway, Suite 310, Richardson, TX 75080","430-307-3907",https://www.loverootstherapy.com,"Individual and couples counseling; trauma and attachment-focused therapy; anxiety, depression, self-esteem and life transitions; LGBTQIA+ affirming care.","Young adults, adults, couples, LGBTQIA+ community","Open to adults and couples; affirming of diverse identities and relationships; some telehealth availability for Texas residents.","Request an appointment via online client portal or call office; brief consultation often available before scheduling.","By appointment only; hours vary by therapist.",Unknown,"Primarily private-pay; some clinicians may accept insurance or provide superbills for out-of-network reimbursement; fees and sliding-scale options vary by provider.","VeronicaCerda@LoveRootsTherapy.com","Small, relationship-focused practice emphasizing authenticity, inclusivity, and trauma-informed care."
mh-rich-0005,Linden Tree Counseling PLLC,"1755 N Collins Blvd, Suite 310, Richardson, TX 75080","945-247-0850",https://www.lindentreecounseling.com,"Child and play therapy; anxiety and ADHD treatment; parenting support; individual and family counseling; faith-integrated counseling available by request.","Children, teens, adults, parents, families","Open to the public; some clinicians paneled with insurance plans; telehealth offered for older teens and adults.","Call office or use online contact form to request an intake; all visits scheduled in advance.","By appointment; daytime and after-school/evening slots depending on clinician.",Unknown,"Standard sessions around $135; accepts some insurance plans and HSA/FSA; exact rate and coverage depend on provider and plan.","lindseybass@lindentreecounseling.com","Offers child-friendly play therapy rooms and family-systems-oriented treatment for anxiety, behavior, and adjustment issues."
mh-rich-0006,Journeys Christian Counseling Center,"100 N Central Expy, Suite 614, Richardson, TX 75080","972-889-2487",https://www.journeyschristiancounseling.net,"Christian-based counseling for individuals, couples, and families; marriage and relationship counseling; anxiety, depression, grief, life transitions and spiritual issues.","Adults, couples, families, some teens","Open to the public; services provided from a Christian worldview but generally available to anyone comfortable with faith-integrated counseling.","Call main number or use website contact form to be scheduled with a counselor; appointments required.","By appointment; hours vary by counselor, with some evening availability.",Unknown,"Primarily private-pay; some clinicians may accept insurance or offer sliding-scale fees; clients should verify costs when scheduling.","journeys.marthabrock@gmail.com","Long-standing Christian counseling center (established in the early 1990s) serving the North Dallas/Richardson area."
mh-rich-0007,Richardson Christian Counseling (Texas Christian Counseling – Richardson),"100 N Central Expressway, Suite 532, Richardson, TX 75080","469-943-2626",https://richardsonchristiancounseling.com,"Faith-integrated individual therapy; couples and family counseling; treatment for anxiety, depression, trauma and PTSD, grief, codependency, relational and family issues; online counseling available.","Children, teens, adults, couples, families","Open to the public; Christian-oriented care for clients who want to include faith; most counselors are licensed mental health professionals and many accept insurance.","Call reception line or submit a contact form to be matched with a counselor and schedule an intake.","By appointment; hours depend on individual counselor, including some evenings and weekends.",Unknown,"Many providers accept commercial insurance; private-pay and some reduced-fee options may be available; verify benefits prior to first visit.","connect@texaschristiancounseling.com","Association of licensed Christian counselors serving Richardson and surrounding North Dallas suburbs in person and via telehealth."
mh-rich-0008,New Directions Counseling and Wellness Center,"1901 N Central Expressway, Suite 220, Richardson, TX 75080","972-680-8986",https://newdirectionscounseling.com,"Individual counseling; couples, marriage, and family therapy; anxiety and depression treatment; grief and loss; adolescent and parenting counseling; neurofeedback services.","Adolescents, adults, couples, families","Open to the general public; some clinicians specialize in family and couples work; telehealth available for many services.","Call office or use website contact form to schedule; some clinicians allow direct email or extension-based scheduling.","By appointment; daytime and some evening hours depending on provider.",Unknown,"Private-pay practice; some clinicians accept insurance or provide superbills for out-of-network reimbursement; fees vary by therapist and service type.","info@newdirectionscounseling.com","Multi-clinician practice offering both traditional talk therapy and neurofeedback; provides crisis hotline information on site for suicidal emergencies."
mh-rich-0009,Jeremy R. Cooper, LPC PLLC (North Dallas/Richardson Therapy),"1221 Abrams Rd, Suite 325, Richardson, TX 75081","214-810-5861",https://www.jeremycooperlpc.com,"Specialized therapy for PTSD and complex trauma; dissociative disorders; grief and loss; anxiety; Christian counseling upon request; research-informed, depth-oriented psychotherapy.","Adults (including trauma survivors, clients with chronic illness, and faith-oriented clients)","Open to adult clients; in-person sessions in Richardson and HIPAA-compliant telehealth for Texas residents; accepts some commercial insurance (including Aetna).","Request an appointment via website contact form or call main number; all sessions by appointment only.","By appointment only; scheduling tailored individually (daytime and some evening options).",Unknown,"Accepts Aetna and some other insurance plans; private-pay rates available on request; out-of-network benefits may apply for other plans.","Jeremy.Cooper@richlandoaks.org","Solo practice located inside Richland Oaks Counseling Center; integrates research, philosophy, and spirituality for trauma-informed care."
mh-rich-0010,Texas Health Behavioral Health Center – Richardson,"3661 N Plano Road, Suite 2100, Richardson, TX 75082","682-236-6023",https://www.texashealth.org/Locations/texas-health-cityline/THBHCR,"Hospital-affiliated behavioral health center offering mental health assessments; outpatient therapy and psychiatric services; adult and adolescent behavioral health programs; coordination with higher levels of care (PHP/IOP/inpatient) in the Texas Health system.","Adults and adolescents needing structured outpatient or step-down behavioral health care","Open to the public; may require insurance or self-pay and clinical appropriateness for specific programs; typically serves North Texas residents.","Call clinic directly or Texas Health behavioral health intake line for screening and appointment scheduling; referrals may also come from providers or hospitals.","Hours of operation vary by program; generally weekday hours with some extended programming—call for current schedule.",Unknown,"Accepts most major insurance plans and Medicare/Medicaid where applicable; hospital billing with self-pay and financial assistance options per Texas Health policies.","","Outpatient behavioral health hub at Texas Health CityLine; useful for higher-acuity clients who need psychiatry, structured programs, or hospital system support."